хвороба,симптом1,симптом2,симптом3,симптом4,симптом5
Інсульт,Проблеми з ковтанням,Проблеми з концентрацією,Спрага,Біль у лівій руці,
Ішіас,Набряклість (локалізована),Поступова втрата периферичного зору,Біль у животі (розлитий),Надмірна сонливість вдень,Червоні плями на шкірі
Екзема,Нервозність (підвищена),Порушення сну (безсоння),,,
Епілепсія,Сковання суглобів,,,,
Анорексія,Біль у правому боці,Підвищений апетит,Збільшення живота,Синці на шкірі (без причини),"Проблеми з сечовипусканням (часті, утруднені)"
Апендицит,Втрата інтересу до діяльності,,,,
Кропив'янка,Біль у суглобах (мігруючий),Часте болісне сечовипускання,,,
Екзема,Біль у спині,Випадіння волосся,Спрага,Прискорене дихання,
Виразковий коліт,Нервозність (підвищена),Набряк мигдалин,Втрата ваги,,
Системний червоний вовчак,Порушення сну,,,,
Цистит,Біль у м'язах,,,,
Остеопороз,Слабкість у кінцівках (прогресуюча),Гіперактивність,Затримка мовленнєвого розвитку,Головний біль,
Бронхіт,Чутливість до сонця,Поступова втрата периферичного зору,,,
Діабет,Відчуття важкості в животі,Порушення сну (безсоння),Охриплість голосу,Лихоманка (сильна),
Жовчнокам'яна хвороба,Проблеми з ковтанням,Вузлики на суглобах,Чутливість до сонця,Червоні плями на шкірі,Діарея
Ларингіт,Біль у м'язах,Почервоніння (локалізоване),Втрата інтересу до діяльності,Біль у суглобах (сильний),Сухість в очах
Глаукома,Шум у вухах,Жовтяниця,Втома,Імпульсивність,
COVID-19,Уповільненість рухів,Слабкість у кінцівках (прогресуюча),,,
Анемія,Флешбеки,,,,
Хронічна втома,Зміни особистості,Діарея,Хрипи в легенях,Чхання,
Рак легенів,Судоми,Дезорієнтація,Біль у суглобах (сильний),Райдужні кола навколо джерел світла,
Рак молочної залози,Біль у горлі,Зміни апетиту/ваги,,,
Астма,Раптова слабкість в обличчі/руці/нозі,Проблеми з концентрацією,"Проблеми з сечовипусканням (часті, утруднені)",,
Рак шлунку,Зміна форми соска,,,,
Діабет,Виділення з соска,,,,
Рак простати,Зменшення зросту з часом,,,,
Кропив'янка,Жовтяниця,Здуття кишківника,,,
Карпальний тунельний синдром,Порушення сну (безсоння),Біль у м'язах (локалізований),Почуття тривоги/паніки,Імпульсивність,Набряк мигдалин
Остеопороз,Поколювання в кінцівках,Стискання в грудях,Біль у спині,Порушення чутливості,Хрипи в легенях
Кропив'янка,Раптова слабкість в обличчі/руці/нозі,Порушення чутливості,Кров у сечі,Втрата ваги,
Карпальний тунельний синдром,Втома,Біль у суглобах (сильний),Висипання,,
Виразка шлунку,Блідість шкіри,Надмірна сонливість вдень,Порушення сну (безсоння),,
Синдром дефіциту уваги та гіперактивності,Тремор рук,Стереотипні рухи,,,
Депресія,Спрага,,,,
Хвороба Паркінсона,Біль у суглобах (сильний),Компульсивні дії,Проблеми з координацією,,
Екзема,Виділення з соска,Погіршення нічного зору,,,
Артрит,Флешбеки,Уникнення травматичних спогадів,Ломота в тілі,,
Ревматоїдний артрит,Свербіж шкіри,,,,
Меланома,Почуття провини/нікчемності,Зміни нігтів,Біль у животі (голодний біль),,
Хронічна втома,Біль у м'язах (сильний),,,,
Інфаркт міокарда,Звуження поля зору,Втрата ваги (різка),Біль у попереку,М'язова слабкість,
Сечокам'яна хвороба,Втрата апетиту (нервова),Охриплість голосу,Підвищений апетит,М'язова слабкість,Двоїння в очах
Холецистит,Сльозотеча,,,,
Фіброміалгія,"Біль у грудях (стискаючий, пекучий)",Занепокоєння,Печія,,
Меланома,Шум у вухах,Порушення сну,,,
Плоскоклітинний рак,Погіршення зору (прогресуюче),Біль у спині,,,
Хронічна втома,Часте сечовипускання,,,,
Артрит,Підвищений апетит,,,,
Базаліома,Збільшення печінки/селезінки,Здуття кишківника,Дратівливість,"Проблеми з сечовипусканням (часті, утруднені)",
Виразка шлунку,Прискорене серцебиття,Свербіж в очах,Порушення сну (безсоння),Кашель (сухий),Сковання суглобів
Розсіяний склероз,Розмитість зображення,Страх набрати вагу,Лущення шкіри,Головний біль,Втрата ваги (без причини)
Кон'юнктивіт,Здуття,Кровотеча,,,
Пієлонефрит,Червоні плями на шкірі,Проблеми з мовленням,Запаморочення,,
Булімія,Втрата апетиту (нервова),,,,
Хронічна втома,Висипання у вигляді метелика на обличчі,Почервоніння (локалізоване),Біль у суглобах,Повільне загоєння ран,Біль у горлі (сильний)
Артрит,Відрижка,,,,
Інсульт,Блювота,Страх набрати вагу,Проблеми з ковтанням,Зміни апетиту/ваги,
Фіброміалгія,Нічна пітливість,,,,
COVID-19,Біль у горлі (першіння),,,,
Рак молочної залози,Стискання в грудях,,,,
Виразковий коліт,Набряк суглобів,Сухість в очах,,,
Карпальний тунельний синдром,Чхання,Біль у м'язах,Біль у вусі,Сухість в очах,
Виразка шлунку,Зміни апетиту/ваги,Набряклість (локалізована),,,
Меланома,Сльозотеча,Охриплість голосу,Уникнення травматичних спогадів,Збільшення лімфовузлів,Дратівливість
Меланома,Почуття тривоги/паніки,,,,
Розсіяний склероз,Зменшення зросту з часом,Пригнічений настрій,,,
Хронічна втома,Розмитість зображення,,,,
Екзема,Гіперактивність,Зміна форми соска,Чутливість до сонця,,
Катаракта,Біль у вусі,Закладеність носа,Занепокоєння,Здуття,
Системний червоний вовчак,Шум у вухах,Труднощі з соціальною взаємодією,,,
Невралгія трійчастого нерва,Труднощі з соціальною взаємодією,Занепокоєння,Чхання,,
Глаукома,Прискорене серцебиття,,,,
Панкреатит,Зменшення зросту з часом,Здуття,,,
Астма,Ригідність м'язів,Двоїння в очах,,,
Розсіяний склероз,Сковання суглобів,Поступова втрата периферичного зору,Погіршення зору (прогресуюче),Вузлики на суглобах,Проблеми з мовленням
COVID-19,Обмеження рухливості,Закладеність носа,Порушення сну (безсоння),Відрижка,Біль у м'язах
Біполярний розлад,Спотворення образу тіла,Слабкість у кінцівках (прогресуюча),Маніакальні епізоди,Біль у спині,
Коліт,Біль у м'язах (сильний),Відчуття важкості в животі,Судоми,Дезорієнтація,Біль у лівій руці
Фарингит,Втрата смаку/нюху,Сутулість,Печія,,
Тривожність,Порушення зору,Підвищений апетит,Лущення шкіри,Двоїння в очах,Чутливість до сонця
Рак молочної залози,Біль у кістках,Помутніння зору,Чутливість до сонця,Почервоніння (локалізоване),
Астма,Сухість в очах,Сльозотеча,Здуття,Райдужні кола навколо джерел світла,
Рак легенів,Втома,,,,
Хвороба Крона,Підвищений апетит,Біль у животі (переймоподібний),Біль у лівій руці,Порушення чутливості,
COVID-19,Порушення пам'яті,Біль у животі (розлитий),,,
Тривожність,Порушення зору,Слабкість у кінцівках (прогресуюча),Сухість в очах,Висипання на шкірі (бляшки),Набряклість (локалізована)
Рак шлунку,Зміни нігтів,Раптова слабкість в обличчі/руці/нозі,,,
Склеродермія,Виділення з соска,,,,
Склеродермія,Біль у суглобах (сильний),Ригідність м'язів,Втрата інтересу до діяльності,Порушення чутливості,Біль у горлі (першіння)
Гіпотонія,Закладеність носа,,,,
Біполярний розлад,Дезорієнтація,Переїдання з наступним очищенням,Уповільненість рухів,Закладеність носа,Проблеми з ковтанням
Невралгія трійчастого нерва,Висипання на шкірі (різні),Виділення з вуха,,,
Епілепсія,Охриплість голосу,Почервоніння (локалізоване),Судоми,Чхання,
Хвороба Альцгеймера,Порушення пам'яті,Нічна пітливість,Діарея,Головний біль (ранковий),"Біль у грудях (стискаючий, пекучий)"
Енцефаліт,Біль у горлі,,,,
COVID-19,Пітливість,Проблеми з концентрацією,Тремтіння (тремор),Часте болісне сечовипускання,Кашель
Енцефаліт,Порушення координації рухів,Судоми,Порушення сну (безсоння),,
Склеродермія,Пітливість,Обмеження рухів (локалізоване),Втрата ваги (без причини),,
Посттравматичний стресовий розлад,Пригнічений настрій,,,,
Посттравматичний стресовий розлад,Втома,,,,
Рак шлунку,Погіршення зору (прогресуюче),,,,
Пієлонефрит,Висипання у вигляді метелика на обличчі,Чхання,Тремтіння (тремор),Занепокоєння,Уникнення травматичних спогадів
Інфаркт міокарда,Набряк мигдалин,Задишка,Біль у кістках,Набряклість (локалізована),
Безсоння,Жовтяниця,Білий наліт на мигдалинах,Зменшення зросту з часом,,
Анорексія,Перепади настрою,Біль у лівій руці,,,
Коліт,Чутливість до сонця,Сковання суглобів,Нав'язливі думки,Задишка,Проблеми з ковтанням
Виразка шлунку,Діарея,,,,
Меланома,Чутливість до яскравого світла,Стереотипні рухи,Тремтіння (тремор),Висипання у вигляді метелика на обличчі,
Лейкемія,Кашель (сухий),,,,
Пієлонефрит,Сплутаність свідомості,,,,
Коліт,Біль у правому боці,,,,
Депресія,Втрата ваги (без причини),Синдром Рейно,,,
Фарингит,Сухість у роті,"Проблеми з сечовипусканням (часті, утруднені)",Втрата ваги (без причини),Набряклість,Здуття кишківника
Апендицит,Раптова слабкість в обличчі/руці/нозі,Діарея,Головний біль,Жовтяниця,Двоїння в очах
Гіпертонія,Виділення з соска,Чхання,Нервозність,Розмитість зображення,Лихоманка
Депресія,Зміни апетиту/ваги,Втрата свідомості,,,
Рак простати,Біль у вусі,Спотворення образу тіла,Свистяче дихання,,
Плоскоклітинний рак,Біль у попереку,Сльозотеча (гнійні виділення),Судоми,Свербіж шкіри,
Рак молочної залози,Ущільнення шкіри,Оніміння кінцівок,Висипання на шкірі (бляшки),Відрижка,Лихоманка (сильна)
Обсесивно-компульсивний розлад,Блідість шкіри,,,,
Посттравматичний стресовий розлад,Біль у м'язах,,,,
Рак легенів,Лихоманка,,,,
Виразковий коліт,Переїдання з наступним очищенням,,,,
Артрит,Зміни особистості,Свербіж шкіри,,,
Хвороба Альцгеймера,Блювота (ранкова),Блювота,Набряклість (локалізована),,
Рак шлунку,Тремор рук,Сильний головний біль (пульсуючий),Збільшення щитоподібної залози,Біль у м'язах (сильний),
Невралгія трійчастого нерва,Стискання в грудях,Нудота,Обмеження рухів (локалізоване),,
Ревматоїдний артрит,Зменшення зросту з часом,Зміна форми соска,Збільшення лімфовузлів,Переїдання з наступним очищенням,Закладеність носа
Мігрень,Виділення з вуха,Труднощі з соціальною взаємодією,Раптова слабкість в обличчі/руці/нозі,,
Панкреатит,Обмеження рухів (локалізоване),Біль у животі (переймоподібний),Біль у правому підребер'ї,,
Катаракта,Обмеження рухів (локалізоване),Труднощі з соціальною взаємодією,Біль при ковтанні,Ущільнення в молочній залозі,Маніакальні епізоди
Псоріаз,"Проблеми з сечовипусканням (часті, утруднені)",Порушення координації рухів,,,
Застуда,Слабкість у кінцівках (прогресуюча),,,,
Депресія,Дезорієнтація,,,,
Безсоння,Спотворення образу тіла,Кров у сечі,,,
Гастроентерит,Свистяче дихання,Блювота (ранкова),,,
Булімія,Обмеження рухливості,,,,
Системний червоний вовчак,Сухість у роті,Біль у горлі (першіння),Кашель (з мокротою),Діарея,
Рак кишківника,Кров у калі,,,,
Розсіяний склероз,Уникнення травматичних спогадів,Сухість у роті,,,
Ревматоїдний артрит,Стереотипні рухи,,,,
Нарколепсія,Слабкість,Потемніння в очах при різкому вставанні,,,
Кон'юнктивіт,Свистяче дихання,Кров у сечі,Червоні плями на шкірі,Часте болісне сечовипускання,
Анорексія,Нав'язливі думки,Обмеження рухливості,Біль у животі (голодний біль),Проблеми з ковтанням,Хрипи в легенях
Біполярний розлад,Почервоніння (локалізоване),Кров у калі,Дезорієнтація,Кров у сечі,
Виразковий коліт,Помутніння зору,Маніакальні епізоди,Виділення з соска,Лихоманка (сильна),
Кропив'янка,Лихоманка (сильна),Занепокоєння,Слабкість,,
Діабет,Свистяче дихання,Біль у лівій руці,Чхання,Блювота,Погіршення нічного зору
Тривожність,Збільшення печінки/селезінки,Головний біль (ранковий),Біль у лівій руці,,
Астма,Червоні плями на шкірі,Сухість у роті,Сплутаність свідомості,,
Рак кишківника,Біль у правому підребер'ї,Набряклість (локалізована),Висипання у вигляді метелика на обличчі,Чутливість до яскравого світла,
Нарколепсія,Біль у м'язах,,,,
Енцефаліт,Відрижка,Зміни особистості,,,
Енцефаліт,Порушення координації рухів,Відчуття важкості в животі,Почуття провини/нікчемності,,
Кон'юнктивіт,Помутніння зору,Збільшення лімфовузлів,Ущільнення шкіри,Втрата апетиту (нервова),
Інсульт,Печія,Відчуття важкості в животі,Збільшення щитоподібної залози,Діарея,Здуття
Сечокам'яна хвороба,Здуття,,,,
Фіброміалгія,Проблеми з мовленням,Висипання,"Біль у грудях (стискаючий, пекучий)",Пригнічений настрій,Раптова слабкість в обличчі/руці/нозі
Гастрит,Прискорене дихання,Сплутаність свідомості,,,
Панкреатит,Перепади настрою,,,,
Анемія,Сухість в очах,Кашель (з мокротою),Білий наліт на мигдалинах,Закладеність носа,
Екзема,Білий наліт на мигдалинах,Неуважність,Ригідність м'язів,,
Базаліома,Кров у калі,Зміна форми соска,,,
Плоскоклітинний рак,Маніакальні епізоди,Набряк суглобів,Флешбеки,Збільшення живота,
Обсесивно-компульсивний розлад,Ущільнення в молочній залозі,,,,
Депресія,Біль у вусі,,,,
Гепатит,Слабкість,Свербіж шкіри,Сильний головний біль (пульсуючий),,
Плоскоклітинний рак,Холодні кінцівки,Хрипи в легенях,Нічна пітливість,Уповільненість рухів,Сухість в очах
Анемія,Втрата інтересу до діяльності,Переїдання з наступним очищенням,,,
Менінгіт,Біль у грудях (що посилюється при диханні),Висипання на шкірі (бляшки),Стомлюваність (сильна),Втрата інтересу до діяльності,
Ішіас,Тенезми,Сковання суглобів,Кров у калі,Імпульсивність,
Рак молочної залози,Зменшення зросту з часом,Кров у калі,Підвищений апетит,Стомлюваність (сильна),Випадіння волосся
Ішіас,Висипання на шкірі (бляшки),Пригнічений настрій,Біль у суглобах (сильний),Флешбеки,Шум у вухах
Коліт,Біль у суглобах,Сутулість,Біль у животі (пекучий),,
Подагра,Обмеження рухів (локалізоване),Лихоманка,Біль у животі (розлитий),Біль у м'язах,
Коліт,Лихоманка (сильна),,,,
Хронічна втома,Сутулість,Почервоніння (локалізоване),Перепади настрою,Біль у лівій руці,Блювота
Сечокам'яна хвороба,Синці на шкірі (без причини),Висипання на шкірі (різні),Біль у спині,Нервозність (підвищена),Кашель (сухий)
Булімія,Почервоніння обличчя,,,,
Гіпертонія,Слабкість у кінцівках (прогресуюча),Закладеність носа,,,
Виразковий коліт,Шум у вухах,Зменшення зросту з часом,Обмеження рухів (локалізоване),Печія,Сплутаність свідомості
Гепатит,Часте болісне сечовипускання,Закладеність носа,Страх набрати вагу,Хрипи в легенях,Нервозність (підвищена)
Катаракта,Діарея,,,,
Виразковий коліт,Кашель (з мокротою),,,,
Астма,Стереотипні рухи,"Біль у грудях (стискаючий, пекучий)",Занепокоєння,Біль у животі (голодний біль),
Ларингіт,Проблеми з рівновагою,Блідість шкіри,Проблеми з концентрацією,Зміни апетиту/ваги,Втрата апетиту (нервова)
Фарингит,Слабкість,Лихоманка,Висипання,Тремор рук,
Інсульт,Відчуття важкості в животі,Нежить,Білий наліт на мигдалинах,,
Катаракта,Уникнення травматичних спогадів,,,,
Депресія,Виділення з вуха,,,,
Кропив'янка,Нежить,Чутливість до світла/звуку,Труднощі з соціальною взаємодією,,
Лейкемія,Сльозотеча (гнійні виділення),Оніміння кінцівок,Втрата свідомості,Тенезми,Висипання
Гіпертонія,Здуття кишківника,Труднощі з соціальною взаємодією,Стискання в грудях,,
Рак кишківника,Висипання,Судоми,Біль у м'язах (локалізований),,
Діабет,Відрижка,Біль у суглобах (мігруючий),Охриплість голосу,Біль у животі (пекучий),
Гастроентерит,Зміни нігтів,Біль у спині,,,
Рак легенів,Неуважність,Обмеження рухів (локалізоване),Запаморочення,,
Лейкемія,Висипання,,,,
Кропив'янка,Втрата смаку/нюху,Порушення зору,Порушення зору (аура),,
Інсульт,Кровотеча,Шум у вухах,Нічна пітливість,,
Хвороба Крона,Обмеження рухів (локалізоване),,,,
Посттравматичний стресовий розлад,Кровотеча,Тремтіння (тремор),Обмеження рухів (локалізоване),Деформація суглобів,
Ревматоїдний артрит,Гіперактивність,Набряклість,Занепокоєння,Деформація суглобів,Випадіння волосся
Глаукома,Затримка мовленнєвого розвитку,Дратівливість,Біль у суглобах (сильний),Кровотеча,
Бронхіт,Чутливість до сонця,Лихоманка,Пригнічений настрій,,
Біполярний розлад,Втрата ваги (різка),Кров у сечі,Вузлики на суглобах,Флешбеки,
Глаукома,Чутливість до яскравого світла,Біль у кістках,,,
Ревматоїдний артрит,Біль при ковтанні,Набряк суглобів,Сильний головний біль (пульсуючий),Обмеження рухливості,Уникнення травматичних спогадів
Ангіна,Біль у м'язах,Збільшення печінки/селезінки,Свербіж шкіри,Здуття кишківника,Кашель (з мокротою)
Карпальний тунельний синдром,Нічна пітливість,Втрата апетиту (нервова),Збільшення щитоподібної залози,Уникнення травматичних спогадів,
Синусит,Почервоніння (локалізоване),Біль у суглобах (мігруючий),,,
Артрит,Порушення зору (аура),Біль у животі (розлитий),,,
Алергія,Біль у суглобах,Біль у животі (пекучий),"Проблеми з сечовипусканням (часті, утруднені)",Обмеження рухів (локалізоване),Свербіж шкіри
Ішіас,Дезорієнтація,Біль у попереку,Виділення з соска,Блювота,Поколювання в кінцівках
Булімія,Лущення шкіри,Свистяче дихання,Кровотеча,,
Хронічна втома,Кашель,Нервозність,,,
Рак молочної залози,Біль в очах (ріжучий),,,,
Бронхіт,Закладеність носа,,,,
Жовчнокам'яна хвороба,Кашель з кров'ю,Судоми,,,
Рак шлунку,Кров у сечі,Тремтіння (тремор),Біль у м'язах,Біль у м'язах (сильний),Помутніння зору
Епілепсія,"Проблеми з сечовипусканням (часті, утруднені)",Флешбеки,Біль у правому боці,,
Гіпертонія,Сковання суглобів,Висипання на шкірі (бляшки),Оніміння кінцівок,,
Рак кишківника,Синдром Рейно,Зміна форми соска,Затримка мовленнєвого розвитку,"Проблеми з сечовипусканням (часті, утруднені)",Діарея
Посттравматичний стресовий розлад,М'язова слабкість,Висипання,Пітливість,Слабкість,
Анорексія,Порушення сну (безсоння),Задишка,Здуття,Біль у грудях,
Булімія,Сплутаність свідомості,Повільне загоєння ран,,,
Гіпотонія,Нічна пітливість,Біль у вусі,Біль у лівій руці,Біль у горлі,Слабкість у кінцівках (прогресуюча)
Шизофренія,Перепади настрою,Втрата інтересу до діяльності,,,
Хвороба Паркінсона,Уникнення травматичних спогадів,"Проблеми з сечовипусканням (часті, утруднені)",,,
Пневмонія,Відрижка,Обмеження рухливості,Головний біль (ранковий),,
Холецистит,Набряк мигдалин,Вузлики на суглобах,Переїдання з наступним очищенням,,
Грип,Занепокоєння,Біль у спині,Висипання на шкірі (різні),Почуття провини/нікчемності,Біль у суглобах
Остеопороз,Потемніння в очах при різкому вставанні,Чхання,Сплутаність свідомості,Кашель (з мокротою),
Синусит,Біль у животі (пекучий),Свистяче дихання,Синдром Рейно,,
Тривожність,Двоїння в очах,Печія,,,
Анорексія,Збільшення лімфовузлів,,,,
Сечокам'яна хвороба,Нічна пітливість,Переїдання з наступним очищенням,Затримка мовленнєвого розвитку,Кашель,
Рак легенів,Почервоніння (локалізоване),Біль при ковтанні,,,
Менінгіт,Виділення з вуха,,,,
Ангіна,Компульсивні дії,Слабкість,Захриплість голосу,,
Рак шлунку,Захриплість голосу,Біль у спині,Нервозність,Уповільненість рухів,
Синдром дефіциту уваги та гіперактивності,Головний біль,,,,
Сечокам'яна хвороба,Головний біль (ранковий),Збільшення щитоподібної залози,Ригідність м'язів,Виділення з соска,
Коліт,Вузлики на суглобах,,,,
Пневмонія,Чутливість до світла/звуку,Уникнення травматичних спогадів,Біль у спині,Збільшення печінки/селезінки,Свистяче дихання
Лейкемія,Почервоніння шкіри над суглобом,Висипання у вигляді метелика на обличчі,Кашель (з мокротою),,
Кропив'янка,Тремор рук,Біль у правому боці,Свербіж в очах,Біль у суглобах,Порушення сну (безсоння)
Фіброміалгія,Двоїння в очах,Помутніння зору,,,
Алергія,Розмитість зображення,Імпульсивність,Біль у животі (голодний біль),,
Системний червоний вовчак,Задишка,Здуття,Біль у горлі,Нав'язливі думки,
Кон'юнктивіт,Запаморочення,Синці на шкірі (без причини),Дезорієнтація,Висипання на шкірі (різні),
Хвороба Альцгеймера,Часте болісне сечовипускання,Раптова слабкість в обличчі/руці/нозі,Втрата ваги (без причини),,
Діабет,Червоні плями на шкірі,Біль у м'язах,,,
Рак простати,Виділення з соска,Раптова слабкість в обличчі/руці/нозі,Пітливість,Підвищена температура тіла (локальна),
Псоріаз,Порушення зору (аура),,,,
Лейкемія,Біль в очах,Нежить,,,
Базаліома,Біль у грудях (що посилюється при диханні),,,,
Шизофренія,Втрата інтересу до діяльності,Біль у суглобах (мігруючий),Біль у правому боці,Втома,
Виразковий коліт,Нудота,Свербіж в очах,Чутливість до яскравого світла,Втрата інтересу до діяльності,Сплутаність свідомості
Застуда,Захриплість голосу,Почуття провини/нікчемності,Раптова слабкість в обличчі/руці/нозі,Підвищений апетит,Спотворення образу тіла
Хвороба Альцгеймера,Кашель,,,,
Пієлонефрит,Червоні плями на шкірі,,,,
Інфаркт міокарда,Слабкість у кінцівках (прогресуюча),,,,
Цистит,Спрага,,,,
Синусит,Біль у суглобах,Запаморочення,Розмитість зображення,,
Хвороба Альцгеймера,Біль у кістках,"Біль у грудях (стискаючий, пекучий)",,,
Кропив'янка,Стомлюваність (сильна),Сильний головний біль (пульсуючий),Перепади настрою,Ущільнення шкіри,
Діабет,Труднощі з соціальною взаємодією,Двоїння в очах,Почервоніння шкіри над суглобом,Ригідність м'язів,Білий наліт на мигдалинах
Гастроентерит,Свистяче дихання,Сльозотеча (гнійні виділення),Збільшення щитоподібної залози,Раптові напади сну,
Цистит,Дезорієнтація,Слабкість,Біль при ковтанні,Пригнічений настрій,
Енцефаліт,Біль у животі (розлитий),Раптова слабкість в обличчі/руці/нозі,Труднощі з соціальною взаємодією,Висипання,
Анемія,Закладеність носа,Шум у вухах,Блідість шкіри,Чутливість до яскравого світла,
Застуда,Обмеження рухливості,Стереотипні рухи,Потемніння в очах при різкому вставанні,Висипання на шкірі (різні),Стомлюваність (сильна)
Рак простати,Біль у горлі,,,,
Артрит,Звуження поля зору,,,,
Синусит,Біль у горлі (першіння),Зміни особистості,,,
Меланома,Лихоманка (сильна),Біль у правому підребер'ї,,,
Глаукома,Біль у кістках,,,,
Тривожність,Судоми,Біль в очах,,,
Алергія,Гіперактивність,Втрата ваги (різка),Тенезми,Біль у попереку,Висипання
Фарингит,Зміни особистості,Виділення з вуха,Компульсивні дії,Почуття провини/нікчемності,Біль у кістках
Артрит,Почуття провини/нікчемності,Діарея,Стереотипні рухи,Кровотеча з ясен,Блювота
Анорексія,Набряклість (локалізована),Втрата апетиту (нервова),,,
Анемія,Втрата ваги (різка),,,,
Пневмонія,Перепади настрою,Біль у правому боці,Жовтяниця,Втрата ваги,
Діабет,Запаморочення,Погіршення зору,,,
Виразковий коліт,Проблеми з рівновагою,Синдром Рейно,Погіршення нічного зору,,
Лейкемія,Кров у калі,Сплутаність свідомості,Запаморочення,Порушення сну,
Системний червоний вовчак,Захриплість голосу,Біль у горлі,Дезорієнтація,,
Нарколепсія,Біль у животі (розлитий),Слабкість,Почервоніння (локалізоване),Проблеми з рівновагою,Порушення координації рухів
Екзема,Спотворення образу тіла,,,,
Екзема,Кашель з кров'ю,Набряклість (локалізована),,,
Кон'юнктивіт,Біль у суглобах (мігруючий),Нічна пітливість,Нервозність,,
Панкреатит,Поколювання в кінцівках,,,,
Синдром дефіциту уваги та гіперактивності,Біль у грудях (що посилюється при диханні),Втрата смаку/нюху,Тремор рук,Зміна форми соска,Охриплість голосу
Базаліома,Стомлюваність (сильна),Перепади настрою,Проблеми з концентрацією,Підвищена температура тіла (локальна),
Фіброміалгія,Біль у правому боці,Висипання на шкірі (бляшки),,,
Обсесивно-компульсивний розлад,Зміни особистості,Мутна сеча,,,
COVID-19,Сковання суглобів,Порушення зору,Неуважність,Погіршення зору,Синдром Рейно
Рак кишківника,Біль у животі (пекучий),Біль в очах (ріжучий),Охриплість голосу,Проблеми з мовленням,Проблеми з концентрацією
Карпальний тунельний синдром,Задишка,Печія,Втрата ваги (різка),Тенезми,
Апендицит,Гіперактивність,Біль у правому боці,,,
Обсесивно-компульсивний розлад,Набряк мигдалин,Набряклість,Біль у животі (розлитий),Ломота в тілі,
Ішіас,Задишка,,,,
Екзема,Флешбеки,Відрижка,Занепокоєння,Тенезми,Погіршення зору (прогресуюче)
Ревматоїдний артрит,Біль у м'язах,Стискання в грудях,Відрижка,,
Булімія,Відчуття важкості в животі,Переїдання з наступним очищенням,Втрата ваги,,
Хвороба Паркінсона,Слабкість,,,,
Безсоння,Лихоманка (сильна),Сухість у роті,,,
Обсесивно-компульсивний розлад,Почуття тривоги/паніки,Збільшення лімфовузлів,Занепокоєння,,
Рак простати,Райдужні кола навколо джерел світла,Порушення чутливості,Носова кровотеча,Порушення зору (аура),
Лейкемія,Серцебиття (прискорене),М'язова слабкість,Біль у лівій руці,,
Панкреатит,Втрата смаку/нюху,Звуження поля зору,,,
Екзема,Кашель з кров'ю,,,,
Лейкемія,Втрата апетиту (нервова),,,,
Фарингит,Червоні плями на шкірі,Занепокоєння,,,
Бронхіт,Погіршення зору (прогресуюче),Сплутаність свідомості,Часте болісне сечовипускання,,
Обсесивно-компульсивний розлад,Кашель,Біль у животі (голодний біль),Біль у м'язах (сильний),Кров у калі,
Гіпертонія,Відрижка,Сплутаність свідомості,Здуття,,
Пневмонія,Мутна сеча,Лихоманка,Біль у животі (розлитий),Компульсивні дії,Серцебиття (прискорене)
Менінгіт,Висипання на шкірі (різні),Сковання суглобів,Надмірна сонливість вдень,Тремтіння (тремор),
Панкреатит,Синдром Рейно,Чутливість до яскравого світла,,,
Артрит,Запаморочення,Розмитість зображення,"Проблеми з сечовипусканням (часті, утруднені)",Слабкість,Кров у сечі
Рак кишківника,Пригнічений настрій,,,,
Розсіяний склероз,Втрата свідомості,Пітливість,Розмитість зображення,Відчуття важкості в животі,
Розсіяний склероз,Повільне загоєння ран,Печія,Порушення зору,,
Жовчнокам'яна хвороба,Чутливість до світла/звуку,Розмитість зображення,Порушення чутливості,Свербіж шкіри,
Остеопороз,Ломота в тілі,Холодні кінцівки,Біль у животі (розлитий),,
Гіпотонія,Біль у лівій руці,Біль у суглобах (сильний),Втрата апетиту (нервова),Збільшення щитоподібної залози,
Катаракта,Червоні плями на шкірі,Діарея,Кашель,Порушення сну,Втрата ваги (різка)
Псоріаз,Нервозність,Сплутаність свідомості,Проблеми з ковтанням,Погіршення нічного зору,Сльозотеча (гнійні виділення)
Жовчнокам'яна хвороба,Біль у спині,Виділення з вуха,Спотворення образу тіла,Нудота,Лущення шкіри
Пневмонія,Звуження поля зору,Спрага,Біль у кістках,Порушення сну (безсоння),
Отит,Порушення пам'яті,Переїдання з наступним очищенням,,,
Карпальний тунельний синдром,Кровотеча,Біль при ковтанні,,,
Артрит,Тенезми,Зміна форми соска,Компульсивні дії,Прискорене дихання,
Алергія,Біль у кістках,Втрата свідомості,,,
Виразка шлунку,Кашель з кров'ю,Порушення зору (аура),,,
Інсульт,Зміни особистості,Порушення пам'яті,Проблеми з координацією,,
Лейкемія,Дратівливість,Кашель (з мокротою),Затримка мовленнєвого розвитку,,
Грип,Біль у суглобах (мігруючий),Набряклість,Біль у м'язах,,
COVID-19,Проблеми з координацією,Нервозність (підвищена),Порушення сну,,
Булімія,Біль у грудях,Закладеність носа,,,
Склеродермія,Погіршення зору,Сухість в очах,Проблеми з рівновагою,Червоні плями на шкірі,
Карпальний тунельний синдром,Ущільнення в молочній залозі,,,,
Діабет,Неуважність,Задишка,Затримка мовленнєвого розвитку,,
Базаліома,Прискорене дихання,Звуження поля зору,,,
Гіпертонія,Порушення пам'яті,Сухість у роті,Компульсивні дії,,
Цистит,Біль у горлі (сильний),Пригнічений настрій,Імпульсивність,,
Шизофренія,Слабкість у кінцівках (прогресуюча),Набряк суглобів,Біль у животі (пекучий),,
Інсульт,Втрата свідомості,Біль при ковтанні,Втрата ваги,Зміни нігтів,Біль в очах
Рак шлунку,Шум у вухах,,,,
Гастроентерит,Біль у суглобах (сильний),Кровотеча з ясен,,,
Анорексія,Набряк суглобів,Порушення сну (безсоння),Ущільнення в молочній залозі,Стереотипні рухи,Біль у правому боці
Холецистит,Свербіж в очах,Почервоніння шкіри над суглобом,,,
Артрит,Висипання на шкірі (бляшки),Часте болісне сечовипускання,Кров у калі,,
Анемія,Мутна сеча,,,,
Епілепсія,Проблеми з рівновагою,Свербіж в очах,Зміни апетиту/ваги,Біль у суглобах (сильний),Головний біль (ранковий)
Астма,Стереотипні рухи,Закладеність носа,Біль у суглобах (мігруючий),,
Системний червоний вовчак,Перепади настрою,Кашель з кров'ю,Порушення сну (безсоння),,
Мігрень,Помутніння зору,"Проблеми з сечовипусканням (часті, утруднені)",Свистяче дихання,,
Отит,Обмеження рухів (локалізоване),Кашель з кров'ю,Випадіння волосся,Проблеми з мовленням,Виділення з вуха
Цистит,Проблеми з мовленням,,,,
Енцефаліт,Порушення сну (безсоння),,,,
Енцефаліт,Проблеми з мовленням,,,,
Ревматоїдний артрит,Втрата свідомості,,,,
Безсоння,Збільшення живота,,,,
Розсіяний склероз,Нудота,Підвищена температура тіла (локальна),Звуження поля зору,,
Епілепсія,Втрата смаку/нюху,Серцебиття (прискорене),,,
Гепатит,Сльозотеча,,,,
Енцефаліт,Страх набрати вагу,Свербіж шкіри,"Біль у грудях (стискаючий, пекучий)",,
Булімія,Кашель (сухий),Збільшення щитоподібної залози,Чутливість до світла/звуку,Біль в очах (ріжучий),Обмеження рухів (локалізоване)
Біполярний розлад,Повільне загоєння ран,Біль у грудях,Біль у горлі,,
Синдром дефіциту уваги та гіперактивності,Біль у животі (голодний біль),Випадіння волосся,Перепади настрою,Збільшення щитоподібної залози,
Нарколепсія,Сутулість,Порушення сну (безсоння),Почервоніння (локалізоване),Ущільнення шкіри,Втрата свідомості
Гіпертонія,Маніакальні епізоди,Сильний головний біль (пульсуючий),Поколювання в кінцівках,Почервоніння (локалізоване),
Гіпертонія,Втрата апетиту (нервова),Нудота,,,
Хвороба Альцгеймера,Порушення сну (безсоння),Біль у животі (пекучий),,,
Астма,Закладеність носа,Здуття,Судоми,Гіперактивність,
Рак легенів,Порушення сну,Хрипи в легенях,Свистяче дихання,,
Остеопороз,Біль у правому підребер'ї,Спрага,Дратівливість,Біль у горлі,
Сечокам'яна хвороба,Тремор рук,Дезорієнтація,,,
Застуда,Нудота,,,,
Глаукома,Підвищена температура тіла (локальна),Біль у горлі (першіння),Порушення чутливості,Повільне загоєння ран,Біль при ковтанні
Глаукома,Повільне загоєння ран,Свербіж шкіри,,,
Інфаркт міокарда,Червоні плями на шкірі,,,,
Рак легенів,Діарея,Порушення сну (безсоння),Почуття провини/нікчемності,Поступова втрата периферичного зору,Ущільнення шкіри
Базаліома,Почервоніння шкіри над суглобом,,,,
Грип,Біль у вусі,Мутна сеча,,,
Фарингит,Проблеми з концентрацією,Біль у вусі,Порушення чутливості,Тремтіння (тремор),
Невралгія трійчастого нерва,Порушення сну,Жовтяниця,Біль у правому підребер'ї,,
Застуда,Проблеми з ковтанням,Закладеність носа,,,
Мігрень,Хрипи в легенях,Повільне загоєння ран,,,
Гастроентерит,Носова кровотеча,Біль у суглобах (сильний),Надмірна сонливість вдень,Нічна пітливість,"Біль у грудях (стискаючий, пекучий)"
COVID-19,Біль у животі (переймоподібний),Проблеми з ковтанням,Біль у животі (голодний біль),Сплутаність свідомості,Раптова слабкість в обличчі/руці/нозі
Остеопороз,Обмеження рухливості,Збільшення щитоподібної залози,"Проблеми з сечовипусканням (часті, утруднені)",Сухість у роті,
Інфаркт міокарда,Сковання суглобів,Почуття провини/нікчемності,Тремтіння (тремор),,
Ангіна,Раптові напади сну,Втрата ваги (без причини),Сплутаність свідомості,Біль у горлі (першіння),
Отит,Зменшення зросту з часом,Занепокоєння,Погіршення зору,,
Хвороба Альцгеймера,Спрага,Поколювання в кінцівках,Обмеження рухливості,Порушення сну (безсоння),
Лімфома,Відчуття важкості в животі,,,,
Рак шлунку,Проблеми з мовленням,Обмеження рухливості,Ригідність м'язів,,
Гіпотонія,Тремор рук,Біль у спині,Стомлюваність (сильна),Свистяче дихання,Збільшення печінки/селезінки
Лімфома,Затримка мовленнєвого розвитку,,,,
Пієлонефрит,Раптова слабкість в обличчі/руці/нозі,Почервоніння шкіри над суглобом,Пітливість,Двоїння в очах,
Цистит,Втрата інтересу до діяльності,Блювота (ранкова),,,
Діабет,Втрата ваги,Почуття тривоги/паніки,Компульсивні дії,,
Виразковий коліт,Висипання на шкірі (різні),Нервозність,,,
Шизофренія,Нудота,,,,
Кон'юнктивіт,Нервозність (підвищена),Втрата ваги (без причини),Біль у вусі,Ригідність м'язів,
Рак простати,Чхання,,,,
Плоскоклітинний рак,Сухість в очах,Імпульсивність,,,
Розсіяний склероз,Тремтіння (тремор),Судоми,,,
Виразковий коліт,"Проблеми з сечовипусканням (часті, утруднені)",Поколювання в кінцівках,Біль у суглобах,Раптова слабкість в обличчі/руці/нозі,
Отит,Біль у лівій руці,Лихоманка,Збільшення щитоподібної залози,Біль у спині,
Ішіас,Зміни апетиту/ваги,Біль у животі (переймоподібний),Втрата ваги,Проблеми з мовленням,Біль у суглобах
Жовчнокам'яна хвороба,Переїдання з наступним очищенням,Втрата апетиту,Затримка мовленнєвого розвитку,Маніакальні епізоди,Збільшення живота
Рак простати,Зміни особистості,Біль у горлі,Випадіння волосся,,
Грип,Висипання,,,,
Безсоння,Набряклість,,,,
Глаукома,Ущільнення шкіри,Чхання,,,
Фіброміалгія,Вузлики на суглобах,,,,
Подагра,Холодні кінцівки,Захриплість голосу,Кашель (з мокротою),,
Мігрень,Втрата ваги,Свербіж в очах,Біль в очах,Сплутаність свідомості,
Гіпертонія,Тремор рук,,,,
Лімфома,Шум у вухах,,,,
Виразковий коліт,Втома,,,,
Остеопороз,Висипання на шкірі (бляшки),Проблеми з рівновагою,Сплутаність свідомості,,
Артрит,Нічна пітливість,Біль у лівій руці,Проблеми з координацією,,
Ішіас,Синдром Рейно,Флешбеки,,,
Алергія,Ригідність м'язів,Підвищена температура тіла (локальна),Кашель (сухий),,
Рак шлунку,Біль у кістках,,,,
Булімія,Біль у правому підребер'ї,Біль у суглобах (мігруючий),Часте болісне сечовипускання,М'язова слабкість,
Анорексія,Чутливість до світла/звуку,Ригідність м'язів,,,
Хвороба Альцгеймера,Стереотипні рухи,,,,
Застуда,Сухість у роті,Головний біль (ранковий),Чутливість до світла/звуку,Біль у попереку,
Інфаркт міокарда,Деформація суглобів,,,,
Мігрень,Флешбеки,Порушення координації рухів,Проблеми з мовленням,Висипання на шкірі (різні),
Хвороба Паркінсона,Біль у животі (голодний біль),Кров у калі,,,
Гастроентерит,Втрата апетиту (нервова),,,,
Остеопороз,Пітливість,Двоїння в очах,Біль у спині,Діарея,
Рак кишківника,Кровотеча з ясен,Часте сечовипускання,Кашель (з мокротою),,
Менінгіт,Тремтіння (тремор),Ломота в тілі,,,
Рак шлунку,Нав'язливі думки,Слабкість у кінцівках (прогресуюча),Розмитість зображення,Стереотипні рухи,Сльозотеча (гнійні виділення)
Екзема,Хрипи в легенях,,,,
Рак простати,Біль у грудях,Обмеження рухів (локалізоване),Біль у вусі,,
Лейкемія,Нежить,,,,
Ішіас,Діарея,Помутніння зору,,,
Холецистит,Кровотеча,Здуття кишківника,Оніміння кінцівок,,
Фарингит,Сильний головний біль (пульсуючий),Надмірна сонливість вдень,,,
Застуда,Погіршення зору (прогресуюче),Слабкість у кінцівках (прогресуюча),Відрижка,Свербіж шкіри,
Аутизм,Втрата смаку/нюху,Нудота,Раптові напади сну,,
Меланома,Сухість в очах,Деформація суглобів,Хрипи в легенях,,
Алергія,Кашель,,,,
Застуда,Головний біль,Погіршення нічного зору,Кашель,Чутливість до світла/звуку,
Синусит,Обмеження рухливості,Здуття кишківника,Діарея,,
Гіпертонія,Нежить,,,,
Ішіас,Часте болісне сечовипускання,Біль у спині,Біль у суглобах (мігруючий),Сильний головний біль (пульсуючий),
Виразковий коліт,"Проблеми з сечовипусканням (часті, утруднені)",Прискорене серцебиття,Біль у правому боці,,
Нарколепсія,Деформація суглобів,,,,
Лімфома,Судоми,,,,
Карпальний тунельний синдром,Сльозотеча,Збільшення живота,Збільшення щитоподібної залози,,
Хвороба Крона,Висипання на шкірі (бляшки),,,,
Шизофренія,Дратівливість,Біль в очах,,,
Гастроентерит,Синдром Рейно,Почервоніння обличчя,Ущільнення шкіри,,
Хронічна втома,Порушення зору,Імпульсивність,Погіршення нічного зору,,
Подагра,Втома,Біль у животі (пекучий),Почуття тривоги/паніки,Затримка мовленнєвого розвитку,Захриплість голосу
Анемія,Біль у животі (розлитий),Біль у м'язах (сильний),Здуття,,
Кропив'янка,Раптова слабкість в обличчі/руці/нозі,Погіршення нічного зору,,,
Фарингит,Порушення пам'яті,Кашель,Мутна сеча,Часте болісне сечовипускання,
Невралгія трійчастого нерва,Двоїння в очах,Біль у спині,Погіршення зору (прогресуюче),Чутливість до світла/звуку,
Енцефаліт,Сухість у роті,Біль при ковтанні,,,
Хвороба Крона,Нудота,Запаморочення,Ломота в тілі,Відрижка,Двоїння в очах
Сечокам'яна хвороба,Відчуття важкості в животі,Повільне загоєння ран,,,
Рак молочної залози,Біль у горлі (сильний),Біль у грудях (що посилюється при диханні),Біль у животі (переймоподібний),Тремор рук,
Фарингит,Нудота,Уникнення травматичних спогадів,Підвищений апетит,,
Кон'юнктивіт,Погіршення зору (прогресуюче),Нежить,Ущільнення в молочній залозі,Тремор рук,Тремтіння (тремор)
Апендицит,Біль у животі (переймоподібний),Дезорієнтація,,,
Аутизм,Проблеми з координацією,Оніміння кінцівок,,,
Астма,Лихоманка,Кров у калі,,,
Обсесивно-компульсивний розлад,Свистяче дихання,Висипання на шкірі (різні),,,
Хвороба Альцгеймера,М'язова слабкість,Занепокоєння,Зміни апетиту/ваги,Проблеми з координацією,Свистяче дихання
Коліт,Здуття кишківника,,,,
Пневмонія,Біль у м'язах,Задишка,Синдром Рейно,Ломота в тілі,Переїдання з наступним очищенням
Астма,Погіршення зору,Затримка мовленнєвого розвитку,Випадіння волосся,Лущення шкіри,
Булімія,Уповільненість рухів,Захриплість голосу,Виділення з вуха,Почервоніння (локалізоване),
Біполярний розлад,Холодні кінцівки,Погіршення нічного зору,Висипання на шкірі (бляшки),Втрата ваги,Зменшення зросту з часом
Епілепсія,Проблеми з ковтанням,,,,
Ішіас,Почервоніння обличчя,Пітливість,,,
Цистит,Сльозотеча,Біль при ковтанні,,,
Синдром дефіциту уваги та гіперактивності,Обмеження рухливості,Висипання на шкірі (різні),,,
Біполярний розлад,Потемніння в очах при різкому вставанні,Підвищена температура тіла (локальна),Судоми,Кашель,Сковання суглобів
Катаракта,"Біль у грудях (стискаючий, пекучий)",Біль при ковтанні,Флешбеки,Закладеність носа,
Астма,Біль у попереку,,,,
Гіпотонія,Уникнення травматичних спогадів,,,,
Базаліома,Відчуття важкості в животі,Біль у суглобах,Біль у м'язах (сильний),Раптова слабкість в обличчі/руці/нозі,
Жовчнокам'яна хвороба,Холодні кінцівки,Двоїння в очах,Біль у животі (розлитий),Проблеми з мовленням,Втрата апетиту
Депресія,Збільшення щитоподібної залози,Висипання на шкірі (бляшки),Шум у вухах,Слабкість,Оніміння кінцівок
Енцефаліт,Зміни нігтів,Лущення шкіри,Біль у м'язах (сильний),Блідість шкіри,Судоми
Жовчнокам'яна хвороба,Почервоніння (локалізоване),Набряк мигдалин,Райдужні кола навколо джерел світла,Сльозотеча,
Енцефаліт,Проблеми з концентрацією,Кашель,,,
Глаукома,Збільшення живота,Головний біль,Проблеми з концентрацією,Здуття кишківника,
Гіпертонія,"Біль у грудях (стискаючий, пекучий)",Висипання на шкірі (різні),Біль у суглобах (сильний),,
Енцефаліт,Біль у горлі (першіння),Слабкість,Головний біль (ранковий),,
Фіброміалгія,Погіршення нічного зору,,,,
Ішіас,Біль у горлі (першіння),Біль у спині,Втрата інтересу до діяльності,Білий наліт на мигдалинах,
Синдром дефіциту уваги та гіперактивності,Білий наліт на мигдалинах,Дезорієнтація,Тремтіння (тремор),,
Булімія,Судоми,,,,
Виразка шлунку,Потемніння в очах при різкому вставанні,Біль у м'язах,Сухість в очах,Набряк мигдалин,Біль у суглобах (сильний)
Глаукома,Втома,Пригнічений настрій,Уповільненість рухів,Холодні кінцівки,М'язова слабкість
Кропив'янка,Сльозотеча (гнійні виділення),,,,
Псоріаз,М'язова слабкість,Пригнічений настрій,Поступова втрата периферичного зору,,
Депресія,Флешбеки,Біль у м'язах (сильний),Збільшення лімфовузлів,Дратівливість,Холодні кінцівки
Жовчнокам'яна хвороба,Порушення пам'яті,Часте сечовипускання,,,
Гепатит,"Проблеми з сечовипусканням (часті, утруднені)",,,,
Пієлонефрит,Помутніння зору,Біль у суглобах (сильний),Втрата інтересу до діяльності,Блювота (ранкова),
Ревматоїдний артрит,Спотворення образу тіла,Оніміння кінцівок,Порушення пам'яті,,
Синусит,Набряклість,,,,
Нарколепсія,Висипання на шкірі (різні),Переїдання з наступним очищенням,,,
Гастроентерит,Набряклість,,,,
Ангіна,Втрата апетиту,,,,
Виразковий коліт,Спотворення образу тіла,Втома,Слабкість,Уповільненість рухів,Порушення координації рухів
Артрит,М'язова слабкість,Хрипи в легенях,Кровотеча з ясен,,
Ларингіт,Біль у суглобах (сильний),Нав'язливі думки,,,
Ларингіт,Діарея,,,,
Менінгіт,Набряк суглобів,,,,
Екзема,Вузлики на суглобах,Почервоніння шкіри над суглобом,Зміни нігтів,,
Бронхіт,Виділення з вуха,Висипання,Шум у вухах,,
Артрит,Раптові напади сну,Обмеження рухливості,Втрата ваги (без причини),,
Хвороба Крона,Спотворення образу тіла,Слабкість,Флешбеки,Червоні плями на шкірі,
Апендицит,Втрата апетиту,Проблеми з концентрацією,Сльозотеча,,
Аутизм,Серцебиття (прискорене),Підвищений апетит,Тенезми,Головний біль (ранковий),Раптова слабкість в обличчі/руці/нозі
Ревматоїдний артрит,Набряк мигдалин,Порушення зору,Проблеми з рівновагою,Сухість в очах,
Хвороба Крона,Чутливість до світла/звуку,,,,
Катаракта,Раптові напади сну,Головний біль,Ущільнення шкіри,,
Грип,Відчуття важкості в животі,Нежить,Слабкість,Втрата ваги (різка),Почервоніння шкіри над суглобом
Застуда,Ломота в тілі,Біль у животі (переймоподібний),Біль у горлі,Сковання суглобів,
Панкреатит,Тремтіння (тремор),Біль в очах,Захриплість голосу,Надмірна сонливість вдень,
Хвороба Альцгеймера,Імпульсивність,Запаморочення,Погіршення зору,,
Холецистит,Порушення зору (аура),Зміни нігтів,Біль у спині,Страх набрати вагу,Зміна форми соска
Розсіяний склероз,Запаморочення,,,,
Гепатит,Порушення сну (безсоння),Втрата інтересу до діяльності,Набряклість (локалізована),,
Біполярний розлад,Порушення зору (аура),Оніміння кінцівок,Нервозність,Двоїння в очах,
Рак легенів,Висипання на шкірі (бляшки),Нервозність (підвищена),"Біль у грудях (стискаючий, пекучий)",Слабкість у кінцівках (прогресуюча),Висипання на шкірі (різні)
Фарингит,Зменшення зросту з часом,Біль у горлі (першіння),Нервозність,Надмірна сонливість вдень,
Плоскоклітинний рак,Зменшення зросту з часом,Відрижка,Надмірна сонливість вдень,,
Аутизм,Висипання,Синдром Рейно,,,
Гепатит,Втрата ваги,,,,
Хвороба Крона,Порушення пам'яті,Захриплість голосу,,,
Панкреатит,Пітливість,Висипання,Порушення чутливості,,
Рак легенів,Охриплість голосу,Головний біль (ранковий),,,
Ангіна,Стереотипні рухи,Помутніння зору,Втрата інтересу до діяльності,,
Пневмонія,Обмеження рухливості,Свербіж шкіри,Надмірна сонливість вдень,Ригідність м'язів,Висипання на шкірі (бляшки)
Застуда,Втрата смаку/нюху,Задишка,,,
Нарколепсія,Оніміння кінцівок,,,,
Посттравматичний стресовий розлад,Підвищена температура тіла (локальна),Втрата ваги (різка),Маніакальні епізоди,Звуження поля зору,Слабкість у кінцівках (прогресуюча)
Енцефаліт,Лихоманка (сильна),Діарея,Сильний головний біль (пульсуючий),Чутливість до сонця,
Посттравматичний стресовий розлад,Надмірна сонливість вдень,Почервоніння обличчя,Дратівливість,Ущільнення шкіри,
Гепатит,Втрата смаку/нюху,Збільшення печінки/селезінки,Поколювання в кінцівках,Кровотеча,
Фарингит,Червоні плями на шкірі,Порушення сну (безсоння),,,
Карпальний тунельний синдром,Мутна сеча,Тремтіння (тремор),Дратівливість,Підвищений апетит,
Тривожність,Стомлюваність (сильна),,,,
Подагра,Дратівливість,Двоїння в очах,,,
Меланома,Білий наліт на мигдалинах,Нічна пітливість,Здуття кишківника,Проблеми з рівновагою,
Рак простати,Прискорене серцебиття,Чутливість до сонця,,,
Виразковий коліт,Лущення шкіри,,,,
Алергія,Збільшення лімфовузлів,Пітливість,Сухість у роті,Порушення пам'яті,
Екзема,Біль в очах (ріжучий),Чутливість до сонця,Біль у правому підребер'ї,Прискорене дихання,Кровотеча з ясен
Коліт,Поступова втрата периферичного зору,Порушення сну,,,
Рак шлунку,Нежить,Раптова слабкість в обличчі/руці/нозі,Затримка мовленнєвого розвитку,Підвищений апетит,
Нарколепсія,Маніакальні епізоди,Погіршення нічного зору,,,
Псоріаз,Проблеми з концентрацією,,,,
Остеопороз,Почуття провини/нікчемності,Спотворення образу тіла,Двоїння в очах,Потемніння в очах при різкому вставанні,Чхання
Пієлонефрит,Біль у правому боці,,,,
Посттравматичний стресовий розлад,Порушення координації рухів,Набряк суглобів,Блювота,Біль у грудях (що посилюється при диханні),
Кон'юнктивіт,Ущільнення шкіри,,,,
Лейкемія,Сильний головний біль (пульсуючий),Біль у лівій руці,Висипання на шкірі (бляшки),,
Меланома,Раптова слабкість в обличчі/руці/нозі,Біль у м'язах (локалізований),,,
Глаукома,"Проблеми з сечовипусканням (часті, утруднені)",Свистяче дихання,Підвищена температура тіла (локальна),,
Гіпертонія,Часте сечовипускання,,,,
Депресія,Втрата смаку/нюху,Сльозотеча,,,
Тривожність,Занепокоєння,Нічна пітливість,Повільне загоєння ран,Розмитість зображення,
Менінгіт,Синдром Рейно,,,,
Розсіяний склероз,Чхання,Поступова втрата периферичного зору,,,
Панкреатит,Лихоманка,Кровотеча з ясен,Стомлюваність (сильна),Судоми,
Рак молочної залози,Захриплість голосу,,,,
Фіброміалгія,Проблеми з мовленням,,,,
Рак молочної залози,Переїдання з наступним очищенням,Збільшення щитоподібної залози,Двоїння в очах,,
Плоскоклітинний рак,Нудота,Втрата смаку/нюху,Кров у сечі,,
Астма,Втрата апетиту,Біль у правому боці,,,
Мігрень,Поступова втрата периферичного зору,,,,
Рак шлунку,Підвищена температура тіла (локальна),Захриплість голосу,Втрата ваги (без причини),Дратівливість,
Виразковий коліт,Біль у суглобах,Проблеми з ковтанням,,,
Виразковий коліт,Біль в очах (ріжучий),Сльозотеча (гнійні виділення),М'язова слабкість,Порушення зору (аура),Маніакальні епізоди
Глаукома,Діарея,Пітливість,,,
Лімфома,Уповільненість рухів,,,,
Хвороба Альцгеймера,Втрата інтересу до діяльності,Здуття,Біль у горлі,Маніакальні епізоди,
Розсіяний склероз,Сльозотеча (гнійні виділення),Висипання,Біль у кістках,,
Рак легенів,Виділення з вуха,Перепади настрою,Чутливість до сонця,Компульсивні дії,
Виразковий коліт,Спотворення образу тіла,Тенезми,Носова кровотеча,Блідість шкіри,
Артрит,Втрата апетиту,Блювота,,,
Рак простати,Перепади настрою,Нав'язливі думки,Сутулість,Кашель з кров'ю,
Енцефаліт,Компульсивні дії,Втрата інтересу до діяльності,Переїдання з наступним очищенням,Біль у м'язах,
Екзема,Зміни апетиту/ваги,,,,
Отит,Біль у лівій руці,Прискорене серцебиття,Проблеми з мовленням,,
Грип,Набряк мигдалин,Ущільнення шкіри,Стискання в грудях,Збільшення живота,Нежить
Жовчнокам'яна хвороба,Пітливість,Дезорієнтація,Ригідність м'язів,Чутливість до сонця,
Мігрень,Порушення пам'яті,Синці на шкірі (без причини),Біль у животі (голодний біль),,
Рак молочної залози,Біль у кістках,Дратівливість,,,
Кропив'янка,Спотворення образу тіла,Здуття кишківника,Ущільнення в молочній залозі,,
Глаукома,Біль у вусі,,,,
Хвороба Паркінсона,Порушення координації рухів,Серцебиття (прискорене),Свистяче дихання,Переїдання з наступним очищенням,
Рак простати,Головний біль,Нудота,Біль у горлі,Висипання на шкірі (різні),
Шизофренія,Компульсивні дії,Затримка мовленнєвого розвитку,Кашель (з мокротою),Біль у животі (пекучий),Біль у горлі
Гастрит,Чхання,,,,
Хронічна втома,Проблеми з координацією,Нав'язливі думки,,,
Бронхіт,Спотворення образу тіла,Висипання на шкірі (різні),Біль у животі (розлитий),,
Лімфома,Спрага,Закладеність носа,Втрата інтересу до діяльності,Свербіж шкіри,Обмеження рухливості
Лейкемія,Сплутаність свідомості,Помутніння зору,Відрижка,Задишка,
Лімфома,Погіршення зору,Висипання,Тремтіння (тремор),,
Гастрит,Раптова слабкість в обличчі/руці/нозі,Порушення сну,,,
Синусит,Втрата інтересу до діяльності,Біль у горлі,Свербіж шкіри,Спотворення образу тіла,
Епілепсія,Розмитість зображення,Переїдання з наступним очищенням,Часте сечовипускання,Перепади настрою,
Ішіас,Слабкість,Чутливість до сонця,Порушення зору,Зміни особистості,
Фарингит,Почервоніння обличчя,Кашель (сухий),Біль в очах,Сутулість,Сльозотеча
Енцефаліт,Погіршення нічного зору,Ущільнення шкіри,Почервоніння шкіри над суглобом,,
Плоскоклітинний рак,Чхання,Поколювання в кінцівках,,,
Гіпертонія,Здуття,Почервоніння обличчя,Порушення пам'яті,,
Інфаркт міокарда,Підвищений апетит,,,,
Меланома,Проблеми з координацією,Ломота в тілі,Червоні плями на шкірі,Блювота (ранкова),
Синусит,Раптові напади сну,Чхання,,,
Ангіна,Часте сечовипускання,Біль у животі (голодний біль),,,
Мігрень,Судоми,Нежить,,,
Енцефаліт,Синці на шкірі (без причини),,,,
Невралгія трійчастого нерва,Порушення сну,Біль при ковтанні,Погіршення зору,,
Анемія,Прискорене серцебиття,Синці на шкірі (без причини),Порушення чутливості,,
Хвороба Крона,Біль у животі (переймоподібний),,,,
Катаракта,Проблеми з рівновагою,Блювота (ранкова),,,
Булімія,Кровотеча з ясен,Перепади настрою,Збільшення щитоподібної залози,Судоми,
Системний червоний вовчак,Часте болісне сечовипускання,Збільшення щитоподібної залози,Проблеми з концентрацією,Вузлики на суглобах,Захриплість голосу
Рак простати,Нервозність,Висипання на шкірі (різні),Часте болісне сечовипускання,Дезорієнтація,Вузлики на суглобах
Бронхіт,Шум у вухах,Свербіж шкіри,Чутливість до сонця,Втома,Раптові напади сну
Артрит,Біль у животі (переймоподібний),,,,
Рак молочної залози,Сплутаність свідомості,Проблеми з рівновагою,Стереотипні рухи,,
Синусит,Закладеність носа,Кровотеча,Страх набрати вагу,Головний біль,
Ревматоїдний артрит,Деформація суглобів,Тенезми,,,
Катаракта,Виділення з вуха,,,,
Шизофренія,Компульсивні дії,Проблеми з мовленням,Проблеми з концентрацією,Біль у животі (голодний біль),Задишка
Енцефаліт,Прискорене серцебиття,Чутливість до сонця,Набряк мигдалин,,
Жовчнокам'яна хвороба,Біль у горлі (сильний),Збільшення печінки/селезінки,,,
Інсульт,Погіршення зору (прогресуюче),Проблеми з рівновагою,Проблеми з концентрацією,Сухість в очах,
Гастроентерит,Імпульсивність,Захриплість голосу,Сльозотеча,Занепокоєння,Біль у правому боці
Остеопороз,Деформація суглобів,Біль у лівій руці,Проблеми з координацією,,
Булімія,Неуважність,Біль у животі (переймоподібний),Прискорене серцебиття,,
Панкреатит,Збільшення печінки/селезінки,Зменшення зросту з часом,Стереотипні рухи,Печія,Кров у калі
Рак легенів,Запаморочення,Стискання в грудях,Кровотеча з ясен,,
Системний червоний вовчак,Збільшення щитоподібної залози,,,,
Депресія,Обмеження рухів (локалізоване),Нежить,Біль у животі (переймоподібний),"Проблеми з сечовипусканням (часті, утруднені)",Лихоманка
Анорексія,Збільшення живота,Втрата апетиту,Проблеми з координацією,Чхання,Серцебиття (прискорене)
Псоріаз,Кровотеча з ясен,Кров у калі,,,
Фіброміалгія,Біль у грудях (що посилюється при диханні),Порушення координації рухів,Імпульсивність,Уповільненість рухів,
Рак шлунку,Висипання,Біль у суглобах (сильний),Білий наліт на мигдалинах,Втрата свідомості,
Бронхіт,Сльозотеча,Носова кровотеча,Проблеми з мовленням,Підвищена температура тіла (локальна),Чутливість до сонця
Псоріаз,Нав'язливі думки,Ломота в тілі,Погіршення зору,,
Сечокам'яна хвороба,Занепокоєння,,,,
Гепатит,Блідість шкіри,Раптова слабкість в обличчі/руці/нозі,,,
Нарколепсія,Біль у кістках,,,,
Аутизм,Біль у м'язах,Кровотеча,Проблеми з концентрацією,Тенезми,
Хвороба Альцгеймера,Сухість в очах,Втрата ваги (без причини),Задишка,Сильний головний біль (пульсуючий),
Лейкемія,Жовтяниця,Розмитість зображення,Вузлики на суглобах,Спрага,
Рак шлунку,Підвищена температура тіла (локальна),Зміни апетиту/ваги,Занепокоєння,Задишка,Сильний головний біль (пульсуючий)
Безсоння,Порушення сну,Тремор рук,Стискання в грудях,,
Екзема,Біль у животі (голодний біль),Сутулість,Втрата ваги,Помутніння зору,
Пієлонефрит,Серцебиття (прискорене),Здуття кишківника,Відрижка,Висипання,
Невралгія трійчастого нерва,Надмірна сонливість вдень,,,,
Гіпертонія,Здуття,Порушення зору (аура),Спрага,Висипання,Тремор рук
COVID-19,Біль у кістках,Раптова слабкість в обличчі/руці/нозі,Часте болісне сечовипускання,Вузлики на суглобах,
Катаракта,Тремтіння (тремор),Почервоніння шкіри над суглобом,Нічна пітливість,Тремор рук,Імпульсивність
Анорексія,Оніміння кінцівок,Стомлюваність (сильна),Здуття кишківника,Надмірна сонливість вдень,Біль у животі (переймоподібний)
Гепатит,Проблеми з концентрацією,,,,
Астма,"Проблеми з сечовипусканням (часті, утруднені)",Проблеми з концентрацією,Висипання,,
Ішіас,Дезорієнтація,Задишка,Біль у грудях,,
Анемія,Уникнення травматичних спогадів,Обмеження рухів (локалізоване),Виділення з соска,Раптова слабкість в обличчі/руці/нозі,Повільне загоєння ран
Остеопороз,Біль у попереку,Часте болісне сечовипускання,Зміна форми соска,Нудота,Ригідність м'язів
Алергія,Порушення зору,Чутливість до сонця,,,
Посттравматичний стресовий розлад,Збільшення живота,Проблеми з координацією,,,
Виразка шлунку,Втрата ваги (без причини),,,,
Гастроентерит,Зміна форми соска,,,,
Коліт,Райдужні кола навколо джерел світла,,,,
Рак простати,Порушення пам'яті,,,,
Розсіяний склероз,Біль у спині,Поколювання в кінцівках,Підвищений апетит,Проблеми з координацією,Кровотеча
Кон'юнктивіт,Поколювання в кінцівках,Біль у м'язах,Кашель (сухий),"Проблеми з сечовипусканням (часті, утруднені)",
Сечокам'яна хвороба,Спотворення образу тіла,Спрага,Сковання суглобів,Холодні кінцівки,
Інсульт,Проблеми з координацією,Погіршення нічного зору,М'язова слабкість,Біль у животі (переймоподібний),Проблеми з концентрацією
Обсесивно-компульсивний розлад,Тремтіння (тремор),Закладеність носа,,,
Астма,Задишка,Вузлики на суглобах,Втрата смаку/нюху,Зміни апетиту/ваги,
Бронхіт,Переїдання з наступним очищенням,Уникнення травматичних спогадів,Нудота,Стискання в грудях,
Гепатит,Ломота в тілі,Стомлюваність (сильна),Нервозність (підвищена),Тремор рук,
Гіпотонія,Часте сечовипускання,,,,
Хвороба Альцгеймера,Погіршення нічного зору,Діарея,Проблеми з координацією,Висипання на шкірі (різні),
Фіброміалгія,Втрата апетиту (нервова),Погіршення зору,Висипання у вигляді метелика на обличчі,Спрага,
Гіпотонія,Переїдання з наступним очищенням,М'язова слабкість,Уповільненість рухів,Труднощі з соціальною взаємодією,
Кон'юнктивіт,Задишка,,,,
Меланома,Діарея,Біль у суглобах,Закладеність носа,Сухість в очах,Збільшення лімфовузлів
Карпальний тунельний синдром,Спотворення образу тіла,Втрата ваги (різка),Свербіж шкіри,,
Базаліома,Сплутаність свідомості,Блювота (ранкова),,,
Гіпотонія,Затримка мовленнєвого розвитку,Погіршення зору,,,
Фарингит,Погіршення зору (прогресуюче),Біль у м'язах (сильний),Порушення сну,,
Біполярний розлад,Нав'язливі думки,Ломота в тілі,Маніакальні епізоди,Проблеми з координацією,"Проблеми з сечовипусканням (часті, утруднені)"
Кропив'янка,Біль у попереку,Виділення з соска,Нав'язливі думки,Чутливість до сонця,
Лейкемія,Висипання на шкірі (різні),Втрата апетиту (нервова),,,
Хронічна втома,Деформація суглобів,Серцебиття (прискорене),,,
Алергія,Уповільненість рухів,Звуження поля зору,,,
Панкреатит,Біль у попереку,Надмірна сонливість вдень,Захриплість голосу,Повільне загоєння ран,
Бронхіт,Дезорієнтація,,,,
Отит,Порушення сну (безсоння),Здуття,Сльозотеча,,
Посттравматичний стресовий розлад,Печія,Свербіж в очах,Кашель (сухий),Головний біль,Сльозотеча (гнійні виділення)
Гіпотонія,Уникнення травматичних спогадів,,,,
Посттравматичний стресовий розлад,Райдужні кола навколо джерел світла,Печія,,,
Отит,Біль у суглобах (сильний),Повільне загоєння ран,Поступова втрата периферичного зору,Занепокоєння,Слабкість
Хвороба Крона,Біль у правому підребер'ї,,,,
Пневмонія,Сильний головний біль (пульсуючий),Зміни особистості,Почуття провини/нікчемності,,
Менінгіт,Пітливість,Синці на шкірі (без причини),Флешбеки,Біль у суглобах (сильний),
Хвороба Альцгеймера,Втрата ваги (без причини),Біль у м'язах (сильний),Нервозність,Лихоманка (сильна),Біль у вусі
Меланома,Флешбеки,Часте болісне сечовипускання,,,
Коліт,Проблеми з координацією,,,,
Ішіас,Охриплість голосу,Дратівливість,Головний біль,Вузлики на суглобах,
Плоскоклітинний рак,Нічна пітливість,Біль у грудях,Червоні плями на шкірі,,
Рак простати,Кровотеча з ясен,Висипання на шкірі (бляшки),Вузлики на суглобах,Втома,Збільшення лімфовузлів
Панкреатит,Запаморочення,,,,
Отит,Біль у горлі (сильний),Сковання суглобів,Почуття провини/нікчемності,Втрата апетиту,
Депресія,Хрипи в легенях,Шум у вухах,Неуважність,Порушення чутливості,Задишка
Псоріаз,Зміни особистості,Біль у животі (голодний біль),Нервозність (підвищена),,
Остеопороз,Сльозотеча,Кашель (з мокротою),,,
Посттравматичний стресовий розлад,Біль у животі (переймоподібний),Нервозність,Зміни особистості,Страх набрати вагу,Поколювання в кінцівках
Екзема,Червоні плями на шкірі,Втрата ваги (різка),Біль в очах,Випадіння волосся,
Екзема,Випадіння волосся,Серцебиття (прискорене),Погіршення зору,Обмеження рухливості,Діарея
Глаукома,Виділення з соска,Тремор рук,,,
Хвороба Альцгеймера,Втрата ваги,,,,
Синдром дефіциту уваги та гіперактивності,Маніакальні епізоди,,,,
Анемія,Раптова слабкість в обличчі/руці/нозі,Чутливість до сонця,,,
Жовчнокам'яна хвороба,Імпульсивність,Розмитість зображення,,,
Хронічна втома,Біль у кістках,,,,
Системний червоний вовчак,Звуження поля зору,Білий наліт на мигдалинах,Чутливість до яскравого світла,Біль у грудях,Нежить
Холецистит,Сухість в очах,Біль при ковтанні,Висипання на шкірі (різні),Сильний головний біль (пульсуючий),
Рак легенів,Компульсивні дії,Синці на шкірі (без причини),Діарея,,
Сечокам'яна хвороба,Проблеми з рівновагою,,,,
Хронічна втома,Неуважність,Нервозність (підвищена),Тенезми,Кашель (сухий),Зміна форми соска
Інсульт,Повільне загоєння ран,Біль у животі (голодний біль),Біль у попереку,Висипання на шкірі (різні),Висипання
Виразка шлунку,Порушення сну,Жовтяниця,Порушення пам'яті,Набряк суглобів,Висипання на шкірі (бляшки)
Хвороба Альцгеймера,Свистяче дихання,Спрага,Блювота (ранкова),Тенезми,Біль у суглобах
Рак шлунку,Спрага,Блювота,Зміна форми соска,Чутливість до світла/звуку,
Енцефаліт,Сплутаність свідомості,Перепади настрою,,,
Карпальний тунельний синдром,Зміни нігтів,,,,
Посттравматичний стресовий розлад,Головний біль (ранковий),Біль у спині,Білий наліт на мигдалинах,Кашель (сухий),Біль в очах
Рак кишківника,Нервозність (підвищена),Печія,Стомлюваність (сильна),Виділення з соска,"Проблеми з сечовипусканням (часті, утруднені)"
Астма,Порушення пам'яті,Серцебиття (прискорене),,,
Хвороба Паркінсона,Гіперактивність,,,,
Застуда,Потемніння в очах при різкому вставанні,Біль у животі (голодний біль),Холодні кінцівки,,
Рак молочної залози,Оніміння кінцівок,Кашель з кров'ю,,,
Гастрит,Зміни особистості,Набряклість,Сльозотеча (гнійні виділення),Порушення пам'яті,Пітливість
Склеродермія,Свербіж шкіри,Часте сечовипускання,Набряклість (локалізована),Біль у м'язах (локалізований),
Синусит,Порушення зору (аура),Кашель з кров'ю,Ломота в тілі,Зміни нігтів,Збільшення живота
Жовчнокам'яна хвороба,Надмірна сонливість вдень,Порушення зору (аура),Втома,Збільшення печінки/селезінки,Нав'язливі думки
Системний червоний вовчак,Прискорене серцебиття,Уникнення травматичних спогадів,,,
Кон'юнктивіт,Часте болісне сечовипускання,Блювота (ранкова),Надмірна сонливість вдень,Свербіж в очах,Біль у грудях (що посилюється при диханні)
Фарингит,Біль у м'язах (локалізований),Біль у суглобах (мігруючий),Тенезми,,
Рак простати,Біль у м'язах,Біль у м'язах (локалізований),Діарея,"Біль у грудях (стискаючий, пекучий)",
Інсульт,Неуважність,Біль у м'язах (сильний),,,
Апендицит,Носова кровотеча,Гіперактивність,Стереотипні рухи,,
Рак шлунку,Спрага,Лущення шкіри,Порушення чутливості,Біль у вусі,
COVID-19,Нав'язливі думки,,,,
Склеродермія,Занепокоєння,Судоми,М'язова слабкість,Сухість у роті,
Інфаркт міокарда,Головний біль (ранковий),,,,
Катаракта,Закладеність носа,Кашель (сухий),,,
Лейкемія,Деформація суглобів,Чутливість до світла/звуку,,,
Грип,Втрата апетиту,Відрижка,Збільшення щитоподібної залози,Часте болісне сечовипускання,Стискання в грудях
Фіброміалгія,Імпульсивність,Кашель (з мокротою),Труднощі з соціальною взаємодією,,
Анорексія,Блідість шкіри,Проблеми з рівновагою,,,
Ларингіт,Збільшення щитоподібної залози,,,,
Лімфома,Висипання на шкірі (різні),Втрата інтересу до діяльності,Судоми,Прискорене дихання,
Інсульт,Оніміння кінцівок,Уникнення травматичних спогадів,,,
Меланома,Кашель (сухий),Нудота,Прискорене дихання,Кров у сечі,Ущільнення шкіри
Ангіна,Судоми,Порушення сну (безсоння),Кров у сечі,Зміна форми соска,
Посттравматичний стресовий розлад,Погіршення зору (прогресуюче),,,,
Панкреатит,Біль в очах,Чутливість до сонця,Зміни особистості,Тенезми,Біль в очах (ріжучий)
Фіброміалгія,Червоні плями на шкірі,,,,
Хронічна втома,Біль у правому боці,Погіршення зору (прогресуюче),Мутна сеча,Кашель (з мокротою),
Астма,Чутливість до світла/звуку,Сльозотеча (гнійні виділення),Дратівливість,Порушення чутливості,Підвищена температура тіла (локальна)
Гепатит,Збільшення печінки/селезінки,Біль у правому боці,Кров у калі,Раптові напади сну,
Лімфома,Холодні кінцівки,Кашель (з мокротою),Сльозотеча (гнійні виділення),Спрага,"Проблеми з сечовипусканням (часті, утруднені)"
Хвороба Альцгеймера,Дратівливість,Сутулість,М'язова слабкість,,
Отит,Нав'язливі думки,,,,
Рак легенів,Втома,Кровотеча,Порушення зору,Райдужні кола навколо джерел світла,Спотворення образу тіла
Плоскоклітинний рак,Компульсивні дії,Синдром Рейно,Прискорене дихання,,
Ангіна,Ломота в тілі,Зміни особистості,Лущення шкіри,Проблеми з координацією,
Мігрень,Розмитість зображення,Білий наліт на мигдалинах,Біль у суглобах,Набряклість,
Катаракта,Біль у спині,Закладеність носа,Головний біль,,
Лімфома,Сильний головний біль (пульсуючий),,,,
Рак молочної залози,Шум у вухах,Слабкість,Вузлики на суглобах,,
Астма,Ригідність м'язів,,,,
Остеопороз,Кровотеча,Сльозотеча,Біль у лівій руці,Задишка,
Розсіяний склероз,Біль у спині,,,,
Подагра,Шум у вухах,Часте болісне сечовипускання,Спрага,Кровотеча,Біль у животі (розлитий)
Карпальний тунельний синдром,Переїдання з наступним очищенням,Сухість у роті,,,
Мігрень,Вузлики на суглобах,Лихоманка,Нудота,,
Холецистит,Висипання у вигляді метелика на обличчі,,,,
Меланома,Лихоманка (сильна),,,,
Пневмонія,Раптові напади сну,,,,
Гастроентерит,Гіперактивність,Маніакальні епізоди,,,
Хронічна втома,Пригнічений настрій,Нічна пітливість,Лихоманка (сильна),Порушення координації рухів,Тенезми
Менінгіт,Проблеми з рівновагою,Біль у лівій руці,Виділення з соска,,
Хвороба Крона,Біль у горлі (першіння),Біль в очах (ріжучий),Нудота,,
Депресія,Ломота в тілі,М'язова слабкість,Біль у горлі,Порушення сну,
Розсіяний склероз,Тремтіння (тремор),Чутливість до сонця,Сковання суглобів,Збільшення живота,Здуття
Мігрень,Збільшення лімфовузлів,Пригнічений настрій,Закладеність носа,Набряк мигдалин,
Анемія,Перепади настрою,Біль у животі (голодний біль),Дратівливість,Сильний головний біль (пульсуючий),
Бронхіт,Пітливість,"Біль у грудях (стискаючий, пекучий)",Жовтяниця,,
Алергія,Часте сечовипускання,Здуття,Набряк мигдалин,,
Кропив'янка,Втрата свідомості,Висипання у вигляді метелика на обличчі,,,
Алергія,Біль в очах,Раптові напади сну,Гіперактивність,Біль у животі (розлитий),Проблеми з координацією
Синдром дефіциту уваги та гіперактивності,Біль у суглобах (мігруючий),Тенезми,Порушення пам'яті,Біль в очах,Біль у животі (розлитий)
Гастрит,Нав'язливі думки,Біль у грудях (що посилюється при диханні),Біль у суглобах (сильний),Біль в очах (ріжучий),
Мігрень,Біль у животі (пекучий),Порушення зору,Переїдання з наступним очищенням,Виділення з вуха,
Кропив'янка,Лущення шкіри,Кров у калі,Біль у спині,Кров у сечі,Слабкість
Виразковий коліт,Порушення координації рухів,Лихоманка (сильна),Виділення з соска,,
Анемія,Ригідність м'язів,Набряклість (локалізована),Висипання на шкірі (різні),,
Кропив'янка,Блювота (ранкова),Біль у животі (пекучий),,,
Тривожність,Втрата ваги (різка),Тремтіння (тремор),Проблеми з мовленням,"Проблеми з сечовипусканням (часті, утруднені)",Втома
Гіпотонія,Проблеми з ковтанням,Почервоніння шкіри над суглобом,Біль у суглобах (мігруючий),Пітливість,
Системний червоний вовчак,Кровотеча,Кров у калі,,,
COVID-19,Біль у лівій руці,Надмірна сонливість вдень,Дратівливість,Часте сечовипускання,Біль у грудях
Катаракта,Почервоніння обличчя,Повільне загоєння ран,,,
Хвороба Паркінсона,Блювота,,,,
Булімія,Стискання в грудях,Кровотеча,Слабкість,Кров у сечі,Погіршення зору (прогресуюче)
Хвороба Паркінсона,Імпульсивність,Мутна сеча,Ущільнення в молочній залозі,Стереотипні рухи,Блювота
Синусит,Погіршення зору,,,,
Епілепсія,Випадіння волосся,,,,
Цистит,Задишка,Висипання,Свербіж шкіри,Жовтяниця,
Системний червоний вовчак,Біль у грудях,Погіршення зору (прогресуюче),Кровотеча з ясен,Ломота в тілі,
Гастрит,Біль у лівій руці,Біль у правому підребер'ї,Дратівливість,Біль у горлі,
Панкреатит,Зміна форми соска,Нічна пітливість,Помутніння зору,Почуття провини/нікчемності,Слабкість
Енцефаліт,Лихоманка (сильна),Набряк суглобів,,,
Обсесивно-компульсивний розлад,Поступова втрата периферичного зору,,,,
Рак молочної залози,Носова кровотеча,,,,
Рак легенів,Підвищена температура тіла (локальна),,,,
Коліт,Проблеми з координацією,,,,
Фіброміалгія,Печія,Чхання,Помутніння зору,Біль у м'язах (сильний),
Плоскоклітинний рак,Чутливість до сонця,Неуважність,,,
Системний червоний вовчак,Хрипи в легенях,Обмеження рухливості,Втрата апетиту (нервова),Задишка,
Гіпотонія,Поступова втрата периферичного зору,Збільшення лімфовузлів,Проблеми з координацією,Нічна пітливість,Пригнічений настрій
Бронхіт,Діарея,Збільшення щитоподібної залози,Зміни особистості,Прискорене серцебиття,
Хвороба Альцгеймера,Біль у правому підребер'ї,"Проблеми з сечовипусканням (часті, утруднені)",Поступова втрата периферичного зору,Обмеження рухів (локалізоване),
Жовчнокам'яна хвороба,Флешбеки,Відрижка,,,
Посттравматичний стресовий розлад,Свистяче дихання,,,,
Бронхіт,Спрага,Холодні кінцівки,Проблеми з координацією,Стискання в грудях,Втрата ваги
Базаліома,Ригідність м'язів,Втрата смаку/нюху,Нав'язливі думки,Почуття тривоги/паніки,
Синдром дефіциту уваги та гіперактивності,Порушення зору,,,,
Гіпотонія,Сплутаність свідомості,Зменшення зросту з часом,Холодні кінцівки,Втрата смаку/нюху,Свербіж в очах
COVID-19,Погіршення зору,Занепокоєння,Біль у горлі,,
Рак молочної залози,"Біль у грудях (стискаючий, пекучий)",Дезорієнтація,Біль у попереку,,
Виразка шлунку,Біль в очах (ріжучий),Синдром Рейно,,,
Рак простати,Блювота (ранкова),Сковання суглобів,Біль у животі (голодний біль),Страх набрати вагу,
Синусит,Зміни нігтів,Кашель,Підвищений апетит,Носова кровотеча,
Гепатит,Біль у животі (розлитий),Слабкість у кінцівках (прогресуюча),"Проблеми з сечовипусканням (часті, утруднені)",Сльозотеча (гнійні виділення),
Мігрень,Раптові напади сну,,,,
Посттравматичний стресовий розлад,Головний біль,Занепокоєння,Здуття кишківника,,
COVID-19,Мутна сеча,,,,
Ларингіт,Компульсивні дії,Блідість шкіри,Почуття провини/нікчемності,,
Кон'юнктивіт,Кровотеча з ясен,Труднощі з соціальною взаємодією,Біль у горлі,Повільне загоєння ран,
Екзема,Маніакальні епізоди,Погіршення зору,Проблеми з ковтанням,Нічна пітливість,
Остеопороз,Серцебиття (прискорене),Зміни апетиту/ваги,Збільшення живота,Кровотеча,
Посттравматичний стресовий розлад,Сухість у роті,Блювота (ранкова),,,
Розсіяний склероз,Зміни апетиту/ваги,Набряклість (локалізована),,,
Синусит,Головний біль (ранковий),Раптові напади сну,Уникнення травматичних спогадів,Компульсивні дії,Кашель (сухий)
Сечокам'яна хвороба,Втрата інтересу до діяльності,Райдужні кола навколо джерел світла,,,
Рак простати,Збільшення печінки/селезінки,Помутніння зору,Свербіж шкіри,Кров у калі,
Депресія,Нудота,Втрата смаку/нюху,Носова кровотеча,,
Хвороба Паркінсона,Розмитість зображення,Біль у горлі (першіння),Пригнічений настрій,Сльозотеча,
Жовчнокам'яна хвороба,Випадіння волосся,,,,
Гепатит,Набряклість,Пригнічений настрій,,,
Аутизм,Жовтяниця,Сплутаність свідомості,Зміни апетиту/ваги,Проблеми з рівновагою,Збільшення печінки/селезінки
Ревматоїдний артрит,Червоні плями на шкірі,Лихоманка (сильна),Біль у правому підребер'ї,,
Виразка шлунку,Пітливість,Серцебиття (прискорене),Біль у кістках,Звуження поля зору,Порушення чутливості
Анемія,Ущільнення в молочній залозі,Сковання суглобів,Біль в очах (ріжучий),Набряклість (локалізована),
Бронхіт,Здуття кишківника,Деформація суглобів,Біль в очах,Збільшення лімфовузлів,
Невралгія трійчастого нерва,Біль у суглобах (мігруючий),Надмірна сонливість вдень,,,
Синдром дефіциту уваги та гіперактивності,Переїдання з наступним очищенням,,,,
Склеродермія,Вузлики на суглобах,Втрата ваги,,,
Плоскоклітинний рак,Слабкість,Кров у калі,Занепокоєння,Синці на шкірі (без причини),
Базаліома,Порушення чутливості,Флешбеки,Прискорене серцебиття,,
Менінгіт,Лихоманка (сильна),Стереотипні рухи,,,
Фіброміалгія,Набряклість (локалізована),Двоїння в очах,,,
Псоріаз,Поступова втрата периферичного зору,Погіршення нічного зору,Чутливість до яскравого світла,,
Бронхіт,Біль у грудях,Дратівливість,,,
Посттравматичний стресовий розлад,Двоїння в очах,Головний біль,Переїдання з наступним очищенням,Дратівливість,Кровотеча
Біполярний розлад,Біль у м'язах,,,,
Подагра,Зміни апетиту/ваги,Порушення координації рухів,Райдужні кола навколо джерел світла,Сильний головний біль (пульсуючий),Ломота в тілі
Фарингит,Двоїння в очах,Шум у вухах,,,
Менінгіт,Проблеми з ковтанням,Біль у животі (розлитий),Ущільнення шкіри,Біль у правому підребер'ї,Деформація суглобів
Рак легенів,Нервозність (підвищена),Червоні плями на шкірі,Пригнічений настрій,Сльозотеча,Носова кровотеча
Карпальний тунельний синдром,Втрата ваги (різка),Імпульсивність,Закладеність носа,"Біль у грудях (стискаючий, пекучий)",Почервоніння (локалізоване)
Системний червоний вовчак,Втрата ваги (без причини),Кашель (з мокротою),Імпульсивність,Свистяче дихання,Нервозність (підвищена)
Алергія,Надмірна сонливість вдень,Флешбеки,Нежить,Чутливість до яскравого світла,Біль у попереку
Епілепсія,Червоні плями на шкірі,Страх набрати вагу,Почуття тривоги/паніки,Холодні кінцівки,
Застуда,Слабкість у кінцівках (прогресуюча),Нічна пітливість,Набряк суглобів,Біль у м'язах,
Анорексія,Біль при ковтанні,Проблеми з рівновагою,Деформація суглобів,Кашель,
Рак кишківника,Біль у кістках,,,,
Ішіас,Почервоніння шкіри над суглобом,,,,
Епілепсія,Висипання у вигляді метелика на обличчі,Почервоніння обличчя,Лихоманка (сильна),Кров у калі,Набряк суглобів
Пієлонефрит,Часте болісне сечовипускання,Шум у вухах,Нервозність,Втрата свідомості,
Екзема,Почервоніння обличчя,Проблеми з рівновагою,,,
Менінгіт,Біль у суглобах (сильний),Погіршення нічного зору,Підвищена температура тіла (локальна),Висипання на шкірі (бляшки),Синці на шкірі (без причини)
Лейкемія,Блідість шкіри,Жовтяниця,Кашель (сухий),,
Кропив'янка,Головний біль (ранковий),Кашель з кров'ю,Хрипи в легенях,,
Бронхіт,Спрага,Набряклість (локалізована),,,
COVID-19,Почуття тривоги/паніки,Кашель (з мокротою),Нервозність,Набряк суглобів,
Коліт,Зміни апетиту/ваги,Висипання на шкірі (бляшки),Втрата свідомості,Біль у животі (голодний біль),Біль у вусі
Пієлонефрит,Почуття тривоги/паніки,Двоїння в очах,Сухість в очах,,
Гастрит,Почервоніння (локалізоване),Зміни нігтів,,,
Гіпотонія,Біль у суглобах,Здуття кишківника,Біль у горлі (сильний),Лихоманка,Кашель (сухий)
Шизофренія,Уповільненість рухів,Переїдання з наступним очищенням,Біль у спині,,
Плоскоклітинний рак,Свистяче дихання,Зміни нігтів,Кашель (сухий),Лихоманка,
Ларингіт,Біль у вусі,Прискорене серцебиття,Тремтіння (тремор),Біль у суглобах (сильний),Біль у грудях (що посилюється при диханні)
Аутизм,Порушення пам'яті,,,,
Астма,Втрата ваги (різка),,,,
Обсесивно-компульсивний розлад,Сковання суглобів,Сутулість,Розмитість зображення,,
Лейкемія,Червоні плями на шкірі,Тенезми,Жовтяниця,Кров у калі,
Синусит,Виділення з вуха,Шум у вухах,Почуття провини/нікчемності,Сутулість,
COVID-19,Надмірна сонливість вдень,,,,
Карпальний тунельний синдром,Сльозотеча (гнійні виділення),Білий наліт на мигдалинах,Сухість у роті,Зміни особистості,Імпульсивність
Епілепсія,Підвищена температура тіла (локальна),Сплутаність свідомості,Синці на шкірі (без причини),Свистяче дихання,Відрижка
Холецистит,М'язова слабкість,Відчуття важкості в животі,Головний біль (ранковий),Райдужні кола навколо джерел світла,Уникнення травматичних спогадів
Ларингіт,Переїдання з наступним очищенням,Блідість шкіри,Оніміння кінцівок,,
Депресія,Нежить,Набряк мигдалин,Прискорене серцебиття,,
Кропив'янка,Тремор рук,Шум у вухах,Дратівливість,,
Пієлонефрит,Біль у грудях (що посилюється при диханні),,,,
Рак кишківника,Розмитість зображення,Труднощі з соціальною взаємодією,Чхання,Біль у кістках,
Нарколепсія,Втома,Біль у спині,Біль в очах (ріжучий),Сльозотеча (гнійні виділення),Судоми
Фіброміалгія,Кров у сечі,Повільне загоєння ран,,,
Нарколепсія,Здуття,Стискання в грудях,,,
Гіпертонія,Поступова втрата периферичного зору,,,,
Гіпертонія,Синці на шкірі (без причини),,,,
Остеопороз,Втрата інтересу до діяльності,Порушення пам'яті,,,
Депресія,Зміна форми соска,,,,
Екзема,Стискання в грудях,Висипання у вигляді метелика на обличчі,,,
Хвороба Альцгеймера,Підвищений апетит,,,,
Алергія,Головний біль,Порушення сну (безсоння),Збільшення лімфовузлів,Блювота (ранкова),
Артрит,Чутливість до світла/звуку,Біль у грудях (що посилюється при диханні),Сутулість,Біль в очах (ріжучий),Тремтіння (тремор)
Розсіяний склероз,Обмеження рухів (локалізоване),Зміни особистості,Втрата ваги (різка),,
Базаліома,Збільшення печінки/селезінки,,,,
Ларингіт,Біль у горлі (першіння),Мутна сеча,,,
Безсоння,Синдром Рейно,Двоїння в очах,Білий наліт на мигдалинах,Погіршення зору,
Шизофренія,Порушення сну (безсоння),Чутливість до світла/звуку,Затримка мовленнєвого розвитку,,
COVID-19,Прискорене серцебиття,,,,
Жовчнокам'яна хвороба,Серцебиття (прискорене),Синдром Рейно,Біль у суглобах (мігруючий),Спотворення образу тіла,
Хронічна втома,Кров у калі,Біль у горлі (першіння),,,
Остеопороз,Обмеження рухів (локалізоване),Чутливість до світла/звуку,Порушення координації рухів,Втрата ваги,Страх набрати вагу
Гіпертонія,Почуття провини/нікчемності,Хрипи в легенях,,,
Псоріаз,Відрижка,Порушення сну (безсоння),Помутніння зору,,
Менінгіт,Втома,Біль у лівій руці,Оніміння кінцівок,Маніакальні епізоди,
Фарингит,Біль у животі (голодний біль),,,,
Рак простати,Стереотипні рухи,,,,
Нарколепсія,Розмитість зображення,Звуження поля зору,,,
Анемія,Прискорене серцебиття,Підвищена температура тіла (локальна),Набряк мигдалин,,
Рак кишківника,Порушення зору,Лущення шкіри,Втрата апетиту (нервова),,
Інсульт,Зміни особистості,Запаморочення,Спрага,Нудота,
Псоріаз,"Біль у грудях (стискаючий, пекучий)",Висипання на шкірі (різні),Блювота (ранкова),Сильний головний біль (пульсуючий),
Енцефаліт,Охриплість голосу,Нічна пітливість,,,
Склеродермія,М'язова слабкість,,,,
Плоскоклітинний рак,Обмеження рухливості,Маніакальні епізоди,,,
Лейкемія,Біль у суглобах (мігруючий),Біль у животі (пекучий),Блювота (ранкова),Погіршення зору,
Виразковий коліт,Біль у м'язах,Жовтяниця,Страх набрати вагу,Висипання,
Грип,Обмеження рухливості,Маніакальні епізоди,,,
Епілепсія,Погіршення нічного зору,Кровотеча з ясен,Синці на шкірі (без причини),"Біль у грудях (стискаючий, пекучий)",
Фіброміалгія,Нежить,Червоні плями на шкірі,Поступова втрата периферичного зору,Дезорієнтація,Втрата інтересу до діяльності
Хвороба Паркінсона,Компульсивні дії,Проблеми з концентрацією,,,
Анемія,Біль у кістках,Висипання у вигляді метелика на обличчі,Тенезми,Підвищений апетит,
Апендицит,Кров у калі,,,,
Безсоння,Свистяче дихання,,,,
Гіпертонія,Труднощі з соціальною взаємодією,Сутулість,,,
Ларингіт,Неуважність,Свербіж в очах,Нервозність (підвищена),Блювота (ранкова),
Тривожність,Біль у правому підребер'ї,Біль у горлі,Зміни апетиту/ваги,Кашель (сухий),Біль у животі (пекучий)
Тривожність,"Проблеми з сечовипусканням (часті, утруднені)",Виділення з вуха,,,
Рак легенів,Занепокоєння,Райдужні кола навколо джерел світла,,,
Гепатит,Кров у калі,Синці на шкірі (без причини),Збільшення щитоподібної залози,Судоми,Охриплість голосу
Сечокам'яна хвороба,Печія,Порушення зору,,,
Шизофренія,Запаморочення,Сльозотеча (гнійні виділення),Біль у м'язах,Набряк суглобів,Потемніння в очах при різкому вставанні
Лейкемія,Висипання,Холодні кінцівки,Втрата ваги,Сухість у роті,
Синдром дефіциту уваги та гіперактивності,Запаморочення,Сильний головний біль (пульсуючий),Біль у животі (пекучий),Затримка мовленнєвого розвитку,
Застуда,Нервозність,Сухість в очах,Сильний головний біль (пульсуючий),Часте болісне сечовипускання,Сухість у роті
Хронічна втома,Набряк суглобів,Зміна форми соска,,,
Обсесивно-компульсивний розлад,Нав'язливі думки,Тремор рук,,,
Біполярний розлад,Уповільненість рухів,Проблеми з ковтанням,Запаморочення,Спотворення образу тіла,Збільшення живота
Кропив'янка,Зменшення зросту з часом,Біль у лівій руці,Сльозотеча,Погіршення зору (прогресуюче),
Гіпертонія,Мутна сеча,Порушення чутливості,,,
COVID-19,Біль при ковтанні,Підвищена температура тіла (локальна),Набряк мигдалин,,
Кропив'янка,Почервоніння обличчя,Кашель (сухий),,,
Ангіна,Свербіж в очах,,,,
Ангіна,Лихоманка,,,,
